pdb;electro;shape;statpot;vdw;tm_score_prediction;interpretations
1j5plig_80.pdb;-3,0858233262542597e-25;-20420,0;73,42999999999998;11,619952138957087;0,806944713125763;excellent
1j5plig_53.pdb;3,7927257655291685e-25;-18825,0;37,78;1222,461011504377;0,8066042031746034;excellent
1j5plig_55.pdb;1,4476419635901006e-25;-23100,0;52,260000000000005;-29,082763999650233;0,8045890183471345;excellent
1j5plig_63.pdb;1,4476419635901006e-25;-23100,0;52,260000000000005;-29,082763999650233;0,8045890183471345;excellent
1j5plig_31.pdb;-1,5211492141488718e-25;-21869,0;12,340000000000002;-4,609598542762215;0,8045149316541133;excellent
1j5plig_78.pdb;-8,042958588539583e-26;-22905,0;28,460000000000004;-33,538325818843745;0,8044015476345742;excellent
1j5plig_76.pdb;2,818440232470287e-25;-24376,0;32,26;-39,35816284764935;0,8042440517109926;excellent
1j5plig_61.pdb;0,0;-21873,0;32,14;-12,58276573318002;0,8041022832022346;excellent
1j5plig_66.pdb;0,0;-21873,0;32,14;-12,58276573318002;0,8041022832022346;excellent
1j5plig_1j5prec.pdb;0,0;-26406,0;0,0;0,0;0,8038284538574034;excellent
1j5plig_50.pdb;2,004767887120618e-25;-17846,0;21,120000000000005;16699,885683451346;0,8017252571428568;excellent
1j5plig_68.pdb;2,6815250958641904e-25;-17589,0;43,09;-32,09794679908868;0,797090538095238;moyen
1j5plig_71.pdb;1,7817766321338554e-25;-19039,0;42,010000000000005;1774,5974854729382;0,794494505555556;moyen
1j5plig_74.pdb;1,7817766321338554e-25;-19039,0;42,010000000000005;1774,5974854729382;0,794494505555556;moyen
1j5plig_60.pdb;-7,804038187203941e-26;-19043,0;20,89;-13,347053537172583;0,7876283434477811;moyen
1j5plig_69.pdb;0,0;-19206,0;34,99;-52,140471910545834;0,7709884813492063;moyen
1j5plig_75.pdb;1,3925517980482924e-25;-9337,0;13,59;-4,728876683515078;0,7414827623376619;moyen
1j5plig_52.pdb;0,0;-17050,0;10,350000000000001;-5,354391960716861;0,739428491269841;moyen
1j5plig_4.pdb;1,7213797543305195e-25;-9658,0;29,29;42,96362129683598;0,7189281242424239;moyen
1j5plig_105.pdb;0,0;-17036,0;0,0;0,0;0,7063761666666666;moyen
1j5plig_15.pdb;0,0;-7377,0;22,509999999999998;-24,370020982679755;0,7038313333333335;moyen
1j5plig_85.pdb;0,0;-7994,0;0,0;0,0;0,7003284250000006;moyen
1j5plig_123.pdb;0,0;-8291,0;0,0;0,0;0,7003284250000006;moyen
1j5plig_95.pdb;0,0;-8232,0;0,0;0,0;0,7003284250000006;moyen
1j5plig_87.pdb;0,0;-8058,0;0,0;0,0;0,7003284250000006;moyen
1j5plig_133.pdb;0,0;-5517,0;0,0;0,0;0,7003284250000006;moyen
1j5plig_99.pdb;0,0;-8485,0;0,0;0,0;0,7003284250000006;moyen
1j5plig_132.pdb;0,0;-9094,0;0,0;0,0;0,7003284250000006;moyen
1j5plig_113.pdb;0,0;-7469,0;0,0;0,0;0,7003284250000006;moyen
1j5plig_131.pdb;0,0;-7552,0;0,0;0,0;0,7003284250000006;moyen
1j5plig_104.pdb;0,0;-8893,0;0,0;0,0;0,7003284250000006;moyen
1j5plig_112.pdb;0,0;-8438,0;0,0;0,0;0,7003284250000006;moyen
1j5plig_124.pdb;0,0;-8272,0;0,0;0,0;0,7003284250000006;moyen
1j5plig_114.pdb;0,0;-8121,0;0,0;0,0;0,7003284250000006;moyen
1j5plig_100.pdb;0,0;-8485,0;0,0;0,0;0,7003284250000006;moyen
1j5plig_96.pdb;0,0;-9314,0;0,0;0,0;0,7003284250000006;moyen
1j5plig_3.pdb;-3,708443855529242e-25;-8119,0;34,970000000000006;-19,0108175907645;0,6955884166666665;moyen
1j5plig_39.pdb;1,5506501017402528e-25;-11784,0;7,609999999999999;-2,598262150438763;0,6843868724025972;moyen
1j5plig_34.pdb;1,5506501017402528e-25;-11784,0;7,609999999999999;-2,598262150438763;0,6843868724025972;moyen
1j5plig_93.pdb;0,0;-10188,0;0,0;0,0;0,6615724000000006;moyen
1j5plig_88.pdb;0,0;-10188,0;0,0;0,0;0,6615724000000006;moyen
1j5plig_86.pdb;0,0;-10295,0;0,0;0,0;0,6604552333333331;moyen
1j5plig_22.pdb;-1,6694075053183086e-25;-7397,0;32,940000000000005;-28,877714934367305;0,6579591190476194;moyen
1j5plig_24.pdb;0,0;-8538,0;11,2;-7,987109260168079;0,6521196159090913;moyen
1j5plig_14.pdb;0,0;-8505,0;11,25;0,7904176185204194;0,6521196159090913;moyen
1j5plig_58.pdb;0,0;-9965,0;11,309999999999999;-4,193990392733053;0,6518916159090914;moyen
1j5plig_56.pdb;-1,5712345902427772e-25;-16488,0;8,32;-12,44392002507174;0,6515600166666669;moyen
1j5plig_64.pdb;-1,5712345902427772e-25;-16488,0;8,32;-12,44392002507174;0,6515600166666669;moyen
1j5plig_62.pdb;-1,5712345902427772e-25;-16488,0;8,32;-12,44392002507174;0,6515600166666669;moyen
1j5plig_65.pdb;-1,5712345902427772e-25;-16488,0;8,32;-12,44392002507174;0,6515600166666669;moyen
1j5plig_54.pdb;-1,5712345902427772e-25;-16488,0;8,32;-12,44392002507174;0,6515600166666669;moyen
1j5plig_30.pdb;3,958403152468896e-25;-8752,0;15,799999999999999;-13,17502909197933;0,6435050333333332;moyen
1j5plig_49.pdb;-2,30857335752209e-25;-8991,0;36,660000000000004;376,63220124675314;0,6401715000000004;moyen
1j5plig_94.pdb;0,0;-11581,0;0,0;0,0;0,6368577067099568;moyen
1j5plig_21.pdb;-1,561970169921771e-25;-8017,0;19,87;-5,0853810515300815;0,6231356333333339;moyen
1j5plig_41.pdb;-1,6722255562088413e-25;-9271,0;20,43;-11,866105971015623;0,6210406333333339;moyen
1j5plig_25.pdb;-1,3241924623286016e-25;-8990,0;19,61;-14,555692257855656;0,6205773333333336;moyen
1j5plig_1.pdb;4,810142782267695e-25;-8505,0;38,61;-18,64269232954378;0,6184613333333335;moyen
1j5plig_9.pdb;4,810142782267695e-25;-8505,0;38,61;-18,64269232954378;0,6184613333333335;moyen
1j5plig_13.pdb;0,0;-7475,0;39,949999999999996;90,44581337173413;0,6123065000000006;moyen
1j5plig_45.pdb;1,3458455358727373e-25;-12300,0;8,1;-8,795679844858103;0,6116746976190475;moyen
1j5plig_46.pdb;1,3458455358727373e-25;-12300,0;8,1;-8,795679844858103;0,6116746976190475;moyen
1j5plig_32.pdb;2,2123814271420782e-25;-16107,0;35,629999999999995;-34,23638442283744;0,6025918666666662;moyen
1j5plig_6.pdb;2,5116408908749087e-25;-9660,0;65,71000000000001;1970,9199501747344;0,5990953666666666;passable
1j5plig_5.pdb;0,0;-9561,0;40,830000000000005;-7,568060938815317;0,5981987500000004;passable
1j5plig_33.pdb;4,289058229128854e-25;-12415,0;25,320000000000004;108,15691189915921;0,5940293;passable
1j5plig_126.pdb;0,0;-11155,0;0,0;0,0;0,5896796999999998;passable
1j5plig_127.pdb;0,0;-11155,0;0,0;0,0;0,5896796999999998;passable
1j5plig_73.pdb;0,0;-13847,0;28,240000000000002;84,24583638189742;0,587514742857143;passable
1j5plig_72.pdb;0,0;-13847,0;28,240000000000002;84,24583638189742;0,587514742857143;passable
1j5plig_84.pdb;0,0;-10360,0;0,0;0,0;0,585644733333333;passable
1j5plig_16.pdb;0,0;-10591,0;15,03;-12,36621029168095;0,5818233142857138;passable
1j5plig_17.pdb;2,7106051688834747e-25;-12085,0;42,93;-20,576247917030788;0,5812405166666658;passable
1j5plig_20.pdb;2,7106051688834747e-25;-12085,0;42,93;-20,576247917030788;0,5812405166666658;passable
1j5plig_125.pdb;0,0;-11063,0;0,0;0,0;0,5737541999999995;passable
1j5plig_128.pdb;0,0;-11063,0;0,0;0,0;0,5737541999999995;passable
1j5plig_98.pdb;0,0;-11181,0;0,0;0,0;0,5732123666666665;passable
1j5plig_101.pdb;0,0;-11181,0;0,0;0,0;0,5732123666666665;passable
1j5plig_43.pdb;1,4618113137838909e-25;-12122,0;19,72;95526,22669769188;0,5726549464912275;passable
1j5plig_57.pdb;0,0;-15552,0;22,040000000000006;-9,991878679383507;0,5724635904761901;passable
1j5plig_36.pdb;0,0;-10408,0;14,69;-17,43229232470087;0,571818393253968;passable
1j5plig_28.pdb;0,0;-10408,0;14,69;-17,43229232470087;0,571818393253968;passable
1j5plig_129.pdb;0,0;-10923,0;0,0;0,0;0,571364775;passable
1j5plig_18.pdb;1,9358619724960239e-25;-14629,0;37,86;678776,9685786987;0,568625526190476;passable
1j5plig_19.pdb;1,9358619724960239e-25;-14629,0;37,86;678776,9685786987;0,568625526190476;passable
1j5plig_70.pdb;3,800557920095532e-25;-12089,0;43,86000000000001;-35,8514394870286;0,5683259999999994;passable
1j5plig_121.pdb;0,0;-11003,0;0,0;0,0;0,5626437499999996;passable
1j5plig_35.pdb;0,0;-13166,0;26,64;-22,03462369568403;0,5618106515873018;passable
1j5plig_37.pdb;0,0;-13166,0;26,64;-22,03462369568403;0,5618106515873018;passable
1j5plig_29.pdb;0,0;-13166,0;26,64;-22,03462369568403;0,5618106515873018;passable
1j5plig_27.pdb;0,0;-13166,0;26,64;-22,03462369568403;0,5618106515873018;passable
1j5plig_38.pdb;0,0;-13166,0;26,64;-22,03462369568403;0,5618106515873018;passable
1j5plig_102.pdb;0,0;-11790,0;0,0;0,0;0,5606841826839828;passable
1j5plig_79.pdb;3,8662148283209533e-25;-13111,0;19,470000000000002;1305,554841251504;0,5574182254329004;passable
1j5plig_90.pdb;0,0;-14618,0;0,0;0,0;0,5557573333333332;passable
1j5plig_82.pdb;0,0;-14618,0;0,0;0,0;0,5557573333333332;passable
1j5plig_107.pdb;0,0;-12330,0;0,0;0,0;0,5556687499999999;passable
1j5plig_130.pdb;0,0;-12617,0;0,0;0,0;0,5543527499999998;passable
1j5plig_67.pdb;1,3645138970345856e-25;-13405,0;12,27;-15,11612059017372;0,552055166666667;passable
1j5plig_120.pdb;0,0;-12773,0;0,0;0,0;0,5513755833333334;passable
1j5plig_115.pdb;0,0;-12773,0;0,0;0,0;0,5513755833333334;passable
1j5plig_103.pdb;0,0;-10705,0;0,0;0,0;0,5488102404761906;passable
1j5plig_122.pdb;0,0;-13678,0;0,0;0,0;0,5470923400432895;passable
1j5plig_118.pdb;0,0;-12858,0;0,0;0,0;0,5467204333333331;passable
1j5plig_116.pdb;0,0;-12858,0;0,0;0,0;0,5467204333333331;passable
1j5plig_110.pdb;0,0;-12858,0;0,0;0,0;0,5467204333333331;passable
1j5plig_119.pdb;0,0;-12858,0;0,0;0,0;0,5467204333333331;passable
1j5plig_108.pdb;0,0;-12858,0;0,0;0,0;0,5467204333333331;passable
1j5plig_91.pdb;0,0;-13629,0;0,0;0,0;0,5466093400432895;passable
1j5plig_92.pdb;0,0;-13629,0;0,0;0,0;0,5466093400432895;passable
1j5plig_83.pdb;0,0;-13629,0;0,0;0,0;0,5466093400432895;passable
1j5plig_89.pdb;0,0;-13629,0;0,0;0,0;0,5466093400432895;passable
1j5plig_81.pdb;0,0;-13629,0;0,0;0,0;0,5466093400432895;passable
1j5plig_51.pdb;-1,3307994254418118e-25;-13068,0;6,199999999999999;-3,3567838582097576;0,5459580000000002;passable
1j5plig_40.pdb;0,0;-13662,0;12,94;-13,347227258203018;0,5454938742063495;passable
1j5plig_77.pdb;-1,6022900249744354e-25;-15378,0;20,919999999999998;-12,18642819424045;0,5434799999999995;passable
1j5plig_26.pdb;0,0;-13586,0;11,790000000000001;-7,934030051983167;0,5386996750000005;passable
1j5plig_48.pdb;0,0;-11145,0;16,740000000000002;-7,418367271011886;0,5316590238816742;passable
1j5plig_106.pdb;0,0;-11466,0;0,0;0,0;0,5307212636363637;passable
1j5plig_97.pdb;0,0;-12166,0;0,0;0,0;0,522964583333333;passable
1j5plig_44.pdb;-3,308575233819802e-25;-11159,0;25,799999999999997;-17,128220535743637;0,51817291969697;passable
1j5plig_47.pdb;-3,308575233819802e-25;-11159,0;25,799999999999997;-17,128220535743637;0,51817291969697;passable
1j5plig_23.pdb;0,0;-11634,0;18,52;-13,30065453309151;0,5174294952380953;passable
1j5plig_111.pdb;0,0;-11391,0;0,0;0,0;0,5132994636363637;passable
1j5plig_134.pdb;0,0;-13265,0;0,0;0,0;0,5112497499999994;passable
1j5plig_12.pdb;6,404304100808342e-26;-10854,0;46,60000000000001;-22,76299129402649;0,5103644035714288;passable
1j5plig_7.pdb;6,404304100808342e-26;-10854,0;46,60000000000001;-22,76299129402649;0,5103644035714288;passable
1j5plig_117.pdb;0,0;-11418,0;0,0;0,0;0,5074258969696974;passable
1j5plig_109.pdb;0,0;-11418,0;0,0;0,0;0,5074258969696974;passable
1j5plig_59.pdb;1,53172125702739e-25;-10769,0;17,07;-4,484314180785916;0,5072240404761909;passable
1j5plig_42.pdb;0,0;-11662,0;18,650000000000002;-26,904228981250473;0,4973778285714288;passable
1j5plig_0.pdb;0,0;-11054,0;24,849999999999998;-8,276618134396454;0,4829496511968426;passable
1j5plig_11.pdb;0,0;-11054,0;24,849999999999998;-8,276618134396454;0,4829496511968426;passable
1j5plig_10.pdb;0,0;-11054,0;24,849999999999998;-8,276618134396454;0,4829496511968426;passable
1j5plig_2.pdb;0,0;-11054,0;24,849999999999998;-8,276618134396454;0,4829496511968426;passable
1j5plig_8.pdb;0,0;-11054,0;24,849999999999998;-8,276618134396454;0,4829496511968426;passable
